figure_id,panel_id,series_id,series_name,x,x_unit,y,y_unit,marker_shape,line_style,color_hex,is_inferred,confidence,source_pixel_x,source_pixel_y,notes,point_id,source_instance_id,species,export_eligible,species_evidence,quantity_type,loading_basis,evidence_type,normalized_x,normalized_x_unit,normalized_y,normalized_y_unit,conversion_id,uncertainty_x,uncertainty_y
figp1b,b,figp1b:b:co2-303k-bc2a4dd1,CO2 303K,0.3916,kPa,0.378,mmol/g,circle,solid,#f21f26,true,low,174.5,455.0,"overlap_flag=true; assigned_by=dense_band_sampler; source=curve; evidence_kind=native_trace; uncertainty_px=1.5; evidence_ref=panel.png; source_evidence=Native CO2 303K continuous-band ink at (174.50, 455.00) px, region-1:CO2 303K:1",pt-08990cfb56257df8,src-b5c075fe4dc7efc0,CO2,true,Legend heading 'CO2' binds the entry '303K' to CO2.,co2_loading,per gram of sorbent,line_sample,,,,,,0.3452,0.01
figp1b,b,figp1b:b:co2-303k-bc2a4dd1,CO2 303K,0.7368,kPa,0.4445,mmol/g,circle,solid,#f21f26,true,low,176.0,445.0,"overlap_flag=true; assigned_by=dense_band_sampler; source=curve; evidence_kind=native_trace; uncertainty_px=2.5; evidence_ref=panel.png; source_evidence=Native CO2 303K continuous-band ink at (176.00, 445.00) px, region-1:CO2 303K:1",pt-152e633a808a08fa,src-af07a0db86ed97b3,CO2,true,Legend heading 'CO2' binds the entry '303K' to CO2.,co2_loading,per gram of sorbent,line_sample,,,,,,0.5754,0.0166
figp1b,b,figp1b:b:co2-303k-bc2a4dd1,CO2 303K,0.9669,kPa,0.5109,mmol/g,circle,solid,#f21f26,true,low,177.0,435.0,"overlap_flag=true; assigned_by=dense_band_sampler; source=curve; evidence_kind=native_trace; uncertainty_px=3.5; evidence_ref=panel.png; source_evidence=Native CO2 303K continuous-band ink at (177.00, 435.00) px, region-1:CO2 303K:1",pt-6aca59c1859b1154,src-b974f9d28093f2fe,CO2,true,Legend heading 'CO2' binds the entry '303K' to CO2.,co2_loading,per gram of sorbent,line_sample,,,,,,0.8055,0.0233
figp1b,b,figp1b:b:co2-303k-bc2a4dd1,CO2 303K,1.1971,kPa,0.5774,mmol/g,circle,solid,#f21f26,true,low,178.0,425.0,"overlap_flag=true; assigned_by=dense_band_sampler; source=curve; evidence_kind=native_trace; uncertainty_px=4.5; evidence_ref=panel.png; source_evidence=Native CO2 303K continuous-band ink at (178.00, 425.00) px, region-1:CO2 303K:1",pt-51a836984c465008,src-5c39a9fbdca85a89,CO2,true,Legend heading 'CO2' binds the entry '303K' to CO2.,co2_loading,per gram of sorbent,line_sample,,,,,,1.0357,0.0299
figp1b,b,figp1b:b:co2-303k-bc2a4dd1,CO2 303K,1.1971,kPa,0.7767,mmol/g,circle,solid,#f21f26,true,low,178.0,395.0,"overlap_flag=true; assigned_by=dense_band_sampler; source=curve; evidence_kind=native_trace; uncertainty_px=2.5; evidence_ref=panel.png; source_evidence=Native CO2 303K continuous-band ink at (178.00, 395.00) px, region-1:CO2 303K:1",pt-db9119842e80f7c4,src-64f815025660efd3,CO2,true,Legend heading 'CO2' binds the entry '303K' to CO2.,co2_loading,per gram of sorbent,line_sample,,,,,,0.5754,0.0166
figp1b,b,figp1b:b:co2-303k-bc2a4dd1,CO2 303K,1.5423,kPa,0.6438,mmol/g,circle,solid,#f21f26,true,low,179.5,415.0,"overlap_flag=true; assigned_by=dense_band_sampler; source=curve; evidence_kind=native_trace; uncertainty_px=6.0; evidence_ref=panel.png; source_evidence=Native CO2 303K continuous-band ink at (179.50, 415.00) px, region-1:CO2 303K:1",pt-f3901a970307df08,src-5a40b6c909e25ae8,CO2,true,Legend heading 'CO2' binds the entry '303K' to CO2.,co2_loading,per gram of sorbent,line_sample,,,,,,1.3809,0.0399
figp1b,b,figp1b:b:co2-303k-bc2a4dd1,CO2 303K,1.6321,kPa,1.9118,mmol/g,circle,solid,#f21f26,true,low,179.89,224.17,overlap_flag=true; assigned_by=template; source=template_fill,pt-d6b2b6d9099ad70a,src-3e622eb1070a9186,CO2,true,Legend heading 'CO2' binds the entry '303K' to CO2.,co2_loading,per gram of sorbent,template_fill,,,,,,,
figp1b,b,figp1b:b:co2-303k-bc2a4dd1,CO2 303K,1.8875,kPa,0.7103,mmol/g,circle,solid,#f21f26,true,low,181.0,405.0,"overlap_flag=true; assigned_by=dense_band_sampler; source=curve; evidence_kind=native_trace; uncertainty_px=6.5; evidence_ref=panel.png; source_evidence=Native CO2 303K continuous-band ink at (181.00, 405.00) px, region-1:CO2 303K:1",pt-b4d27ebc2f490cba,src-ba18a7ba60ef3836,CO2,true,Legend heading 'CO2' binds the entry '303K' to CO2.,co2_loading,per gram of sorbent,line_sample,,,,,,1.496,0.0432
figp1b,b,figp1b:b:co2-303k-bc2a4dd1,CO2 303K,1.8875,kPa,0.8431,mmol/g,circle,solid,#f21f26,true,low,181.0,385.0,"overlap_flag=true; assigned_by=dense_band_sampler; source=curve; evidence_kind=native_trace; uncertainty_px=6.5; evidence_ref=panel.png; source_evidence=Native CO2 303K continuous-band ink at (181.00, 385.00) px, region-1:CO2 303K:1",pt-876a4856f5c44b79,src-2994432849f2f605,CO2,true,Legend heading 'CO2' binds the entry '303K' to CO2.,co2_loading,per gram of sorbent,line_sample,,,,,,1.496,0.0432
figp1b,b,figp1b:b:co2-303k-bc2a4dd1,CO2 303K,2.578,kPa,0.9096,mmol/g,circle,solid,#f21f26,true,low,184.0,375.0,"overlap_flag=true; assigned_by=dense_band_sampler; source=curve; evidence_kind=native_trace; uncertainty_px=8.5; evidence_ref=panel.png; source_evidence=Native CO2 303K continuous-band ink at (184.00, 375.00) px, region-1:CO2 303K:1",pt-13473dad4ae38dec,src-c496b8c05e541ff9,CO2,true,Legend heading 'CO2' binds the entry '303K' to CO2.,co2_loading,per gram of sorbent,line_sample,,,,,,1.9563,0.0565
figp1b,b,figp1b:b:co2-303k-bc2a4dd1,CO2 303K,2.9232,kPa,0.976,mmol/g,circle,solid,#f21f26,true,low,185.5,365.0,"overlap_flag=true; assigned_by=dense_band_sampler; source=curve; evidence_kind=native_trace; uncertainty_px=8.0; evidence_ref=panel.png; source_evidence=Native CO2 303K continuous-band ink at (185.50, 365.00) px, region-1:CO2 303K:1",pt-5a54e83e4dd4adee,src-fd485728eb93b289,CO2,true,Legend heading 'CO2' binds the entry '303K' to CO2.,co2_loading,per gram of sorbent,line_sample,,,,,,1.8412,0.0532
figp1b,b,figp1b:b:co2-303k-bc2a4dd1,CO2 303K,3.1534,kPa,1.0425,mmol/g,circle,solid,#f21f26,true,low,186.5,355.0,"overlap_flag=true; assigned_by=dense_band_sampler; source=curve; evidence_kind=native_trace; uncertainty_px=8.0; evidence_ref=panel.png; source_evidence=Native CO2 303K continuous-band ink at (186.50, 355.00) px, region-1:CO2 303K:1",pt-c6e5929a39a64903,src-aefe9b873ee04ca1,CO2,true,Legend heading 'CO2' binds the entry '303K' to CO2.,co2_loading,per gram of sorbent,line_sample,,,,,,1.8412,0.0532
figp1b,b,figp1b:b:co2-303k-bc2a4dd1,CO2 303K,3.3835,kPa,1.1089,mmol/g,circle,solid,#f21f26,true,low,187.5,345.0,"overlap_flag=true; assigned_by=dense_band_sampler; source=curve; evidence_kind=native_trace; uncertainty_px=8.0; evidence_ref=panel.png; source_evidence=Native CO2 303K continuous-band ink at (187.50, 345.00) px, region-1:CO2 303K:1",pt-5e1d472bdb83f6ed,src-a2a9d35955a5e8c7,CO2,true,Legend heading 'CO2' binds the entry '303K' to CO2.,co2_loading,per gram of sorbent,line_sample,,,,,,1.8412,0.0532
figp1b,b,figp1b:b:co2-303k-bc2a4dd1,CO2 303K,3.8047,kPa,1.9388,mmol/g,circle,solid,#f21f26,true,low,189.33,220.11,overlap_flag=true; assigned_by=template; source=template_fill,pt-2e516152e7fc7191,src-fcb26ecef490a757,CO2,true,Legend heading 'CO2' binds the entry '303K' to CO2.,co2_loading,per gram of sorbent,template_fill,,,,,,,
figp1b,b,figp1b:b:co2-303k-bc2a4dd1,CO2 303K,3.8438,kPa,1.1754,mmol/g,circle,solid,#f21f26,true,low,189.5,335.0,"overlap_flag=true; assigned_by=dense_band_sampler; source=curve; evidence_kind=native_trace; uncertainty_px=8.0; evidence_ref=panel.png; source_evidence=Native CO2 303K continuous-band ink at (189.50, 335.00) px, region-1:CO2 303K:1",pt-79ebbd71e41da25c,src-bee9da109838796a,CO2,true,Legend heading 'CO2' binds the entry '303K' to CO2.,co2_loading,per gram of sorbent,line_sample,,,,,,1.8412,0.0532
figp1b,b,figp1b:b:co2-303k-bc2a4dd1,CO2 303K,4.189,kPa,1.2418,mmol/g,circle,solid,#f21f26,true,low,191.0,325.0,"overlap_flag=true; assigned_by=dense_band_sampler; source=curve; evidence_kind=native_trace; uncertainty_px=8.5; evidence_ref=panel.png; source_evidence=Native CO2 303K continuous-band ink at (191.00, 325.00) px, region-1:CO2 303K:1",pt-cf218f45215c05ed,src-5f17a44a23ab2a29,CO2,true,Legend heading 'CO2' binds the entry '303K' to CO2.,co2_loading,per gram of sorbent,line_sample,,,,,,1.9563,0.0565
figp1b,b,figp1b:b:co2-303k-bc2a4dd1,CO2 303K,4.4192,kPa,1.3083,mmol/g,circle,solid,#f21f26,true,low,192.0,315.0,"overlap_flag=true; assigned_by=dense_band_sampler; source=curve; evidence_kind=native_trace; uncertainty_px=7.5; evidence_ref=panel.png; source_evidence=Native CO2 303K continuous-band ink at (192.00, 315.00) px, region-1:CO2 303K:1",pt-2f0e358ceeab1c97,src-7b9383ac97f6359e,CO2,true,Legend heading 'CO2' binds the entry '303K' to CO2.,co2_loading,per gram of sorbent,line_sample,,,,,,1.7261,0.0498
figp1b,b,figp1b:b:co2-303k-bc2a4dd1,CO2 303K,4.4192,kPa,1.3747,mmol/g,circle,solid,#f21f26,true,low,192.0,305.0,"overlap_flag=true; assigned_by=dense_band_sampler; source=curve; evidence_kind=native_trace; uncertainty_px=6.5; evidence_ref=panel.png; source_evidence=Native CO2 303K continuous-band ink at (192.00, 305.00) px, region-1:CO2 303K:1",pt-506b2c359159fb6b,src-d5869ea69ade39b4,CO2,true,Legend heading 'CO2' binds the entry '303K' to CO2.,co2_loading,per gram of sorbent,line_sample,,,,,,1.496,0.0432
figp1b,b,figp1b:b:co2-303k-bc2a4dd1,CO2 303K,5.4548,kPa,1.4345,mmol/g,circle,solid,#f21f26,true,low,196.5,296.0,"overlap_flag=true; assigned_by=dense_band_sampler; source=curve; evidence_kind=native_trace; uncertainty_px=8.0; evidence_ref=panel.png; source_evidence=Native CO2 303K continuous-band ink at (196.50, 296.00) px, region-1:CO2 303K:1",pt-43cb1ae286999e9e,src-2ec8678768265208,CO2,true,Legend heading 'CO2' binds the entry '303K' to CO2.,co2_loading,per gram of sorbent,line_sample,,,,,,1.8412,0.0532
figp1b,b,figp1b:b:co2-303k-bc2a4dd1,CO2 303K,5.9151,kPa,1.5009,mmol/g,circle,solid,#f21f26,true,low,198.5,286.0,"overlap_flag=true; assigned_by=dense_band_sampler; source=curve; evidence_kind=native_trace; uncertainty_px=8.0; evidence_ref=panel.png; source_evidence=Native CO2 303K continuous-band ink at (198.50, 286.00) px, region-1:CO2 303K:1",pt-f7fdd8d78bbf5db4,src-c1e96df4568c1d5d,CO2,true,Legend heading 'CO2' binds the entry '303K' to CO2.,co2_loading,per gram of sorbent,line_sample,,,,,,1.8412,0.0532
figp1b,b,figp1b:b:co2-303k-bc2a4dd1,CO2 303K,6.4905,kPa,1.5674,mmol/g,circle,solid,#f21f26,true,low,201.0,276.0,"overlap_flag=true; assigned_by=dense_band_sampler; source=curve; evidence_kind=native_trace; uncertainty_px=8.5; evidence_ref=panel.png; source_evidence=Native CO2 303K continuous-band ink at (201.00, 276.00) px, region-1:CO2 303K:1",pt-e10dc8b8ae448461,src-ab2ef2a6ee9e36ee,CO2,true,Legend heading 'CO2' binds the entry '303K' to CO2.,co2_loading,per gram of sorbent,line_sample,,,,,,1.9563,0.0565
figp1b,b,figp1b:b:co2-303k-bc2a4dd1,CO2 303K,7.1809,kPa,1.6338,mmol/g,circle,solid,#f21f26,true,low,204.0,266.0,"overlap_flag=true; assigned_by=dense_band_sampler; source=curve; evidence_kind=native_trace; uncertainty_px=8.5; evidence_ref=panel.png; source_evidence=Native CO2 303K continuous-band ink at (204.00, 266.00) px, region-1:CO2 303K:1",pt-653f3e9499bf48cd,src-6b21fd44e1e59d8b,CO2,true,Legend heading 'CO2' binds the entry '303K' to CO2.,co2_loading,per gram of sorbent,line_sample,,,,,,1.9563,0.0565
figp1b,b,figp1b:b:co2-303k-bc2a4dd1,CO2 303K,7.2983,kPa,1.9821,mmol/g,circle,solid,#f21f26,true,low,204.51,213.58,overlap_flag=true; assigned_by=template; source=template_fill,pt-3150651760d6f220,src-c7029457ddf2e24b,CO2,true,Legend heading 'CO2' binds the entry '303K' to CO2.,co2_loading,per gram of sorbent,template_fill,,,,,,,
figp1b,b,figp1b:b:co2-303k-bc2a4dd1,CO2 303K,8.1015,kPa,1.7003,mmol/g,circle,solid,#f21f26,true,low,208.0,256.0,"overlap_flag=true; assigned_by=dense_band_sampler; source=curve; evidence_kind=native_trace; uncertainty_px=8.5; evidence_ref=panel.png; source_evidence=Native CO2 303K continuous-band ink at (208.00, 256.00) px, region-1:CO2 303K:1",pt-4764c18cc76a9401,src-5e0f59cc74ea6402,CO2,true,Legend heading 'CO2' binds the entry '303K' to CO2.,co2_loading,per gram of sorbent,line_sample,,,,,,1.9563,0.0565
figp1b,b,figp1b:b:co2-303k-bc2a4dd1,CO2 303K,9.1372,kPa,1.7601,mmol/g,circle,solid,#f21f26,true,low,212.5,247.0,"overlap_flag=true; assigned_by=dense_band_sampler; source=curve; evidence_kind=native_trace; uncertainty_px=8.0; evidence_ref=panel.png; source_evidence=Native CO2 303K continuous-band ink at (212.50, 247.00) px, region-1:CO2 303K:1",pt-8df74483917ce1d1,src-0cc3a4231af96e67,CO2,true,Legend heading 'CO2' binds the entry '303K' to CO2.,co2_loading,per gram of sorbent,line_sample,,,,,,1.8412,0.0532
figp1b,b,figp1b:b:co2-303k-bc2a4dd1,CO2 303K,10.1729,kPa,1.8265,mmol/g,circle,solid,#f21f26,true,low,217.0,237.0,"overlap_flag=true; assigned_by=dense_band_sampler; source=curve; evidence_kind=native_trace; uncertainty_px=8.5; evidence_ref=panel.png; source_evidence=Native CO2 303K continuous-band ink at (217.00, 237.00) px, region-1:CO2 303K:1",pt-ba17540c1ab71578,src-e6dae53c96c9b291,CO2,true,Legend heading 'CO2' binds the entry '303K' to CO2.,co2_loading,per gram of sorbent,line_sample,,,,,,1.9563,0.0565
figp1b,b,figp1b:b:co2-303k-bc2a4dd1,CO2 303K,11.5538,kPa,1.8797,mmol/g,circle,solid,#f21f26,true,low,223.0,229.0,"overlap_flag=true; assigned_by=dense_band_sampler; source=curve; evidence_kind=native_trace; uncertainty_px=8.5; evidence_ref=panel.png; source_evidence=Native CO2 303K continuous-band ink at (223.00, 229.00) px, region-1:CO2 303K:1",pt-f32a8b29785f5d7b,src-f8764b67e52ec0f3,CO2,true,Legend heading 'CO2' binds the entry '303K' to CO2.,co2_loading,per gram of sorbent,line_sample,,,,,,1.9563,0.0565
figp1b,b,figp1b:b:co2-303k-bc2a4dd1,CO2 303K,13.0497,kPa,1.9328,mmol/g,circle,solid,#f21f26,true,low,229.5,221.0,"overlap_flag=true; assigned_by=dense_band_sampler; source=curve; evidence_kind=native_trace; uncertainty_px=10.0; evidence_ref=panel.png; source_evidence=Native CO2 303K continuous-band ink at (229.50, 221.00) px, region-1:CO2 303K:1",pt-5bd9ed5955cd06d7,src-806112d39c5a6e42,CO2,true,Legend heading 'CO2' binds the entry '303K' to CO2.,co2_loading,per gram of sorbent,line_sample,,,,,,2.3015,0.0664
figp1b,b,figp1b:b:co2-303k-bc2a4dd1,CO2 303K,13.4571,kPa,2.0587,mmol/g,circle,solid,#f21f26,true,low,231.27,202.06,overlap_flag=true; assigned_by=template; source=template_fill,pt-845d983ea0e681ae,src-07b7902c0cdfb8e8,CO2,true,Legend heading 'CO2' binds the entry '303K' to CO2.,co2_loading,per gram of sorbent,template_fill,,,,,,,
figp1b,b,figp1b:b:co2-303k-bc2a4dd1,CO2 303K,13.8553,kPa,1.9594,mmol/g,circle,solid,#f21f26,true,low,233.0,217.0,"overlap_flag=true; assigned_by=dense_band_sampler; source=curve; evidence_kind=native_trace; uncertainty_px=10.5; evidence_ref=panel.png; source_evidence=Native CO2 303K continuous-band ink at (233.00, 217.00) px, region-1:CO2 303K:1",pt-d91a7120461f7e6b,src-20fd37cf6205f2a7,CO2,true,Legend heading 'CO2' binds the entry '303K' to CO2.,co2_loading,per gram of sorbent,line_sample,,,,,,2.4166,0.0698
figp1b,b,figp1b:b:co2-303k-bc2a4dd1,CO2 303K,19.7263,kPa,2.1366,mmol/g,circle,solid,#f21f26,true,low,258.51,190.34,overlap_flag=true; assigned_by=template; source=template_fill,pt-c2a093d795f780c7,src-56d1972aeb37fec5,CO2,true,Legend heading 'CO2' binds the entry '303K' to CO2.,co2_loading,per gram of sorbent,template_fill,,,,,,,
figp1b,b,figp1b:b:co2-303k-bc2a4dd1,CO2 303K,26.8586,kPa,2.2252,mmol/g,circle,solid,#f21f26,false,high,289.5,177.0,assigned_by=color; source=auto,pt-6ba66b6c35731060,src-64e24b5a23ef15c9,CO2,true,Legend heading 'CO2' binds the entry '303K' to CO2.,co2_loading,per gram of sorbent,visible_marker,,,,,,,
figp1b,b,figp1b:b:co2-303k-bc2a4dd1,CO2 303K,33.2051,kPa,2.3041,mmol/g,circle,solid,#f21f26,false,high,317.08,165.13,assigned_by=color; source=auto,pt-8889e76b34693c60,src-f512b2b063523ccd,CO2,true,Legend heading 'CO2' binds the entry '303K' to CO2.,co2_loading,per gram of sorbent,visible_marker,,,,,,,
figp1b,b,figp1b:b:co2-303k-bc2a4dd1,CO2 303K,40.0079,kPa,2.3838,mmol/g,circle,solid,#f21f26,false,high,346.63,153.13,assigned_by=color; source=auto,pt-5305555cb0690f79,src-663f6514ebfc3ec6,CO2,true,Legend heading 'CO2' binds the entry '303K' to CO2.,co2_loading,per gram of sorbent,visible_marker,,,,,,,
figp1b,b,figp1b:b:co2-303k-bc2a4dd1,CO2 303K,46.7727,kPa,2.4492,mmol/g,circle,solid,#f21f26,false,high,376.03,143.28,assigned_by=color; source=auto,pt-b0e4b8ed0b43ddc8,src-51067e723417001e,CO2,true,Legend heading 'CO2' binds the entry '303K' to CO2.,co2_loading,per gram of sorbent,visible_marker,,,,,,,
figp1b,b,figp1b:b:co2-303k-bc2a4dd1,CO2 303K,53.4264,kPa,2.5111,mmol/g,circle,solid,#f21f26,false,high,404.94,133.97,assigned_by=color; source=auto,pt-d9702aa2cbeab9fd,src-a7c5dc391b89c643,CO2,true,Legend heading 'CO2' binds the entry '303K' to CO2.,co2_loading,per gram of sorbent,visible_marker,,,,,,,
figp1b,b,figp1b:b:co2-303k-bc2a4dd1,CO2 303K,60.0561,kPa,2.5674,mmol/g,circle,solid,#f21f26,false,high,433.74,125.5,assigned_by=color; source=auto,pt-7b4cde6b2fc07f6c,src-6d767d249ceb3f88,CO2,true,Legend heading 'CO2' binds the entry '303K' to CO2.,co2_loading,per gram of sorbent,visible_marker,,,,,,,
figp1b,b,figp1b:b:co2-303k-bc2a4dd1,CO2 303K,66.7726,kPa,2.6204,mmol/g,circle,solid,#f21f26,false,high,462.93,117.53,assigned_by=color; source=auto,pt-03556fbdfdf8bf47,src-8305bfd18e49bbb0,CO2,true,Legend heading 'CO2' binds the entry '303K' to CO2.,co2_loading,per gram of sorbent,visible_marker,,,,,,,
figp1b,b,figp1b:b:co2-303k-bc2a4dd1,CO2 303K,73.3921,kPa,2.6726,mmol/g,circle,solid,#f21f26,false,high,491.69,109.66,assigned_by=color; source=auto,pt-898a9d382c83b987,src-03adae58a720ec5d,CO2,true,Legend heading 'CO2' binds the entry '303K' to CO2.,co2_loading,per gram of sorbent,visible_marker,,,,,,,
figp1b,b,figp1b:b:co2-303k-bc2a4dd1,CO2 303K,80.0442,kPa,2.7195,mmol/g,circle,solid,#f21f26,false,high,520.59,102.61,assigned_by=color; source=auto,pt-9633804bf4177c84,src-cc23ae0af0ae8e82,CO2,true,Legend heading 'CO2' binds the entry '303K' to CO2.,co2_loading,per gram of sorbent,visible_marker,,,,,,,
figp1b,b,figp1b:b:co2-303k-bc2a4dd1,CO2 303K,86.6306,kPa,2.7644,mmol/g,circle,solid,#f21f26,false,high,549.21,95.84,assigned_by=color; source=auto,pt-8c369c35477b9a53,src-c8d5b8351fa784e8,CO2,true,Legend heading 'CO2' binds the entry '303K' to CO2.,co2_loading,per gram of sorbent,visible_marker,,,,,,,
figp1b,b,figp1b:b:co2-303k-bc2a4dd1,CO2 303K,93.4722,kPa,2.8101,mmol/g,circle,solid,#f21f26,false,high,578.94,88.97,assigned_by=color; source=auto,pt-e331cc12595325ee,src-412bde8bf7e7139e,CO2,true,Legend heading 'CO2' binds the entry '303K' to CO2.,co2_loading,per gram of sorbent,visible_marker,,,,,,,
figp1b,b,figp1b:b:co2-303k-bc2a4dd1,CO2 303K,101.2479,kPa,2.864,mmol/g,circle,solid,#f21f26,false,high,612.72,80.86,assigned_by=color; source=auto,pt-50e22c14a338be88,src-9e44ccaf4a9c8a6a,CO2,true,Legend heading 'CO2' binds the entry '303K' to CO2.,co2_loading,per gram of sorbent,visible_marker,,,,,,,
figp1b,b,figp1b:b:co2-303k-bc2a4dd1,CO2 303K,106.9174,kPa,2.8913,mmol/g,circle,solid,#f21f26,false,high,637.36,76.75,assigned_by=color; source=auto,pt-2e12088d8d3c19e7,src-1437c74267a0fab1,CO2,true,Legend heading 'CO2' binds the entry '303K' to CO2.,co2_loading,per gram of sorbent,visible_marker,,,,,,,
figp1b,b,figp1b:b:co2-303k-bc2a4dd1,CO2 303K,113.753,kPa,2.928,mmol/g,circle,solid,#f21f26,false,high,667.06,71.23,assigned_by=color; source=auto,pt-69f4543fc366c116,src-8ad124782bf3c58d,CO2,true,Legend heading 'CO2' binds the entry '303K' to CO2.,co2_loading,per gram of sorbent,visible_marker,,,,,,,
figp1b,b,figp1b:b:co2-313k-21d87380,CO2 313K,1.6321,kPa,1.0477,mmol/g,square,solid,#f5ab1e,true,low,179.89,354.21,overlap_flag=true; assigned_by=template; source=template_fill,pt-b4cd58af6e845d80,src-70233cdc8065b0d2,CO2,true,Legend heading 'CO2' binds the entry '313K' to CO2.,co2_loading,per gram of sorbent,template_fill,,,,,,,
figp1b,b,figp1b:b:co2-313k-21d87380,CO2 313K,2.8081,kPa,0.7966,mmol/g,square,solid,#f5ab1e,false,medium,185.0,392.0,assigned_by=color; source=auto,pt-715858732cfdc85f,src-31894bdbede08c60,CO2,true,Legend heading 'CO2' binds the entry '313K' to CO2.,co2_loading,per gram of sorbent,visible_marker,,,,,,,
figp1b,b,figp1b:b:co2-313k-21d87380,CO2 313K,3.8047,kPa,1.173,mmol/g,square,solid,#f5ab1e,true,low,189.33,335.35,overlap_flag=true; assigned_by=template; source=template_fill,pt-81d91b9c55d46011,src-d2bc314d6def45b7,CO2,true,Legend heading 'CO2' binds the entry '313K' to CO2.,co2_loading,per gram of sorbent,template_fill,,,,,,,
figp1b,b,figp1b:b:co2-313k-21d87380,CO2 313K,6.8815,kPa,0.9601,mmol/g,square,solid,#f5ab1e,false,low,202.7,367.4,overlap_flag=true; assigned_by=color; source=auto,pt-04986be3f5977ee3,src-1518039246d290f0,CO2,true,Legend heading 'CO2' binds the entry '313K' to CO2.,co2_loading,per gram of sorbent,partially_visible_marker,,,,,,,
figp1b,b,figp1b:b:co2-313k-21d87380,CO2 313K,7.4111,kPa,1.3813,mmol/g,square,solid,#f5ab1e,false,high,205.0,304.0,assigned_by=color; source=auto,pt-e3facab76b8c9980,src-e6c01f14a17570a5,CO2,true,Legend heading 'CO2' binds the entry '313K' to CO2.,co2_loading,per gram of sorbent,visible_marker,,,,,,,
figp1b,b,figp1b:b:co2-313k-21d87380,CO2 313K,7.5952,kPa,1.0109,mmol/g,square,solid,#f5ab1e,false,low,205.8,359.75,overlap_flag=true; assigned_by=color; source=auto,pt-8a9307fe457a1096,src-e9398311d860b9b2,CO2,true,Legend heading 'CO2' binds the entry '313K' to CO2.,co2_loading,per gram of sorbent,partially_visible_marker,,,,,,,
figp1b,b,figp1b:b:co2-313k-21d87380,CO2 313K,8.6713,kPa,1.1049,mmol/g,square,solid,#f5ab1e,false,low,210.48,345.61,overlap_flag=true; assigned_by=color; source=auto,pt-2eae73a52d49a370,src-de125981b31e4a3c,CO2,true,Legend heading 'CO2' binds the entry '313K' to CO2.,co2_loading,per gram of sorbent,partially_visible_marker,,,,,,,
figp1b,b,figp1b:b:co2-313k-21d87380,CO2 313K,13.6251,kPa,1.7402,mmol/g,square,solid,#f5ab1e,false,high,232.0,250.0,assigned_by=color; source=auto,pt-1cb78605ae4366c1,src-684b4aebe2b55f1b,CO2,true,Legend heading 'CO2' binds the entry '313K' to CO2.,co2_loading,per gram of sorbent,visible_marker,,,,,,,
figp1b,b,figp1b:b:co2-313k-21d87380,CO2 313K,19.8391,kPa,1.9196,mmol/g,square,solid,#f5ab1e,false,medium,259.0,223.0,assigned_by=color; source=auto,pt-15b02882bb4625db,src-5f12a2a7a4d2028c,CO2,true,Legend heading 'CO2' binds the entry '313K' to CO2.,co2_loading,per gram of sorbent,visible_marker,,,,,,,
figp1b,b,figp1b:b:co2-313k-21d87380,CO2 313K,27.0888,kPa,2.0491,mmol/g,square,solid,#f5ab1e,false,high,290.5,203.5,assigned_by=color; source=auto,pt-9004118495654736,src-683a2082bcc048e7,CO2,true,Legend heading 'CO2' binds the entry '313K' to CO2.,co2_loading,per gram of sorbent,visible_marker,,,,,,,
figp1b,b,figp1b:b:co2-313k-21d87380,CO2 313K,32.9576,kPa,2.1289,mmol/g,square,solid,#f5ab1e,false,high,316.0,191.5,assigned_by=color; source=auto,pt-9993f9ed10c3fe32,src-79450fcbd9b7e7c9,CO2,true,Legend heading 'CO2' binds the entry '313K' to CO2.,co2_loading,per gram of sorbent,visible_marker,,,,,,,
figp1b,b,figp1b:b:co2-313k-21d87380,CO2 313K,40.2072,kPa,2.1986,mmol/g,square,solid,#f5ab1e,false,high,347.5,181.0,assigned_by=color; source=auto,pt-15fb2bfffbac97e4,src-a56d907afd80b315,CO2,true,Legend heading 'CO2' binds the entry '313K' to CO2.,co2_loading,per gram of sorbent,visible_marker,,,,,,,
figp1b,b,figp1b:b:co2-313k-21d87380,CO2 313K,46.62,kPa,2.2537,mmol/g,square,solid,#f5ab1e,false,high,375.36,172.7,assigned_by=color; source=auto,pt-9cf950feb1c837bf,src-7102375c23c40127,CO2,true,Legend heading 'CO2' binds the entry '313K' to CO2.,co2_loading,per gram of sorbent,visible_marker,,,,,,,
figp1b,b,figp1b:b:co2-313k-21d87380,CO2 313K,53.2943,kPa,2.3096,mmol/g,square,solid,#f5ab1e,false,high,404.36,164.3,assigned_by=color; source=auto,pt-8ddffaafc589321c,src-8937b7858a2f7b08,CO2,true,Legend heading 'CO2' binds the entry '313K' to CO2.,co2_loading,per gram of sorbent,visible_marker,,,,,,,
figp1b,b,figp1b:b:co2-313k-21d87380,CO2 313K,59.9686,kPa,2.3561,mmol/g,square,solid,#f5ab1e,false,high,433.36,157.3,assigned_by=color; source=auto,pt-69787c22d87efbc6,src-7569ccafc7fcb19b,CO2,true,Legend heading 'CO2' binds the entry '313K' to CO2.,co2_loading,per gram of sorbent,visible_marker,,,,,,,
figp1b,b,figp1b:b:co2-313k-21d87380,CO2 313K,66.6743,kPa,2.4013,mmol/g,square,solid,#f5ab1e,false,high,462.5,150.5,assigned_by=color; source=auto,pt-f08daf2822506913,src-1c3ae334f34a1970,CO2,true,Legend heading 'CO2' binds the entry '313K' to CO2.,co2_loading,per gram of sorbent,visible_marker,,,,,,,
figp1b,b,figp1b:b:co2-313k-21d87380,CO2 313K,73.4637,kPa,2.4378,mmol/g,square,solid,#f5ab1e,false,high,492.0,145.0,assigned_by=color; source=auto,pt-b4d4f56296fdbf71,src-7e82bb04cb0a745e,CO2,true,Legend heading 'CO2' binds the entry '313K' to CO2.,co2_loading,per gram of sorbent,visible_marker,,,,,,,
figp1b,b,figp1b:b:co2-313k-21d87380,CO2 313K,80.1132,kPa,2.4785,mmol/g,square,solid,#f5ab1e,false,high,520.89,138.88,assigned_by=color; source=auto,pt-1dd18ea873d511d7,src-716da500e7be7733,CO2,true,Legend heading 'CO2' binds the entry '313K' to CO2.,co2_loading,per gram of sorbent,visible_marker,,,,,,,
figp1b,b,figp1b:b:co2-313k-21d87380,CO2 313K,86.6972,kPa,2.5176,mmol/g,square,solid,#f5ab1e,false,high,549.5,133.0,assigned_by=color; source=auto,pt-6c80160813a14668,src-9735e133fb84fe70,CO2,true,Legend heading 'CO2' binds the entry '313K' to CO2.,co2_loading,per gram of sorbent,visible_marker,,,,,,,
figp1b,b,figp1b:b:co2-313k-21d87380,CO2 313K,93.3715,kPa,2.5541,mmol/g,square,solid,#f5ab1e,false,high,578.5,127.5,assigned_by=color; source=auto,pt-3497012731e46fed,src-4c586c44e1bb02dd,CO2,true,Legend heading 'CO2' binds the entry '313K' to CO2.,co2_loading,per gram of sorbent,visible_marker,,,,,,,
figp1b,b,figp1b:b:co2-313k-21d87380,CO2 313K,101.3481,kPa,2.5964,mmol/g,square,solid,#f5ab1e,false,high,613.16,121.14,assigned_by=color; source=auto,pt-ceecf317d2042ac8,src-c3806209092571c2,CO2,true,Legend heading 'CO2' binds the entry '313K' to CO2.,co2_loading,per gram of sorbent,visible_marker,,,,,,,
figp1b,b,figp1b:b:co2-313k-21d87380,CO2 313K,106.8352,kPa,2.6205,mmol/g,square,solid,#f5ab1e,false,high,637.0,117.5,assigned_by=color; source=auto,pt-32d385c7c5475843,src-1b8c336c35faedc1,CO2,true,Legend heading 'CO2' binds the entry '313K' to CO2.,co2_loading,per gram of sorbent,visible_marker,,,,,,,
figp1b,b,figp1b:b:co2-313k-21d87380,CO2 313K,113.887,kPa,2.652,mmol/g,square,solid,#f5ab1e,false,high,667.64,112.76,assigned_by=color; source=auto,pt-d7f5666632ca8821,src-697790555575f1d4,CO2,true,Legend heading 'CO2' binds the entry '313K' to CO2.,co2_loading,per gram of sorbent,visible_marker,,,,,,,
figp1b,b,figp1b:b:co2-323k-c5e1f4c4,CO2 323K,0.3916,kPa,0.1787,mmol/g,triangle_up,solid,#248d43,true,low,174.5,485.0,"overlap_flag=true; assigned_by=dense_band_sampler; source=curve; evidence_kind=native_trace; uncertainty_px=1.5; evidence_ref=panel.png; source_evidence=Native CO2 323K continuous-band ink at (174.50, 485.00) px, region-1:CO2 323K:1",pt-0af1cb668055c4e7,src-706c6ea77e98f81e,CO2,true,Legend heading 'CO2' binds the entry '323K' to CO2.,co2_loading,per gram of sorbent,line_sample,,,,,,0.3452,0.01
figp1b,b,figp1b:b:co2-323k-c5e1f4c4,CO2 323K,1.3122,kPa,0.3049,mmol/g,triangle_up,solid,#248d43,true,low,178.5,466.0,"overlap_flag=true; assigned_by=dense_band_sampler; source=curve; evidence_kind=native_trace; uncertainty_px=2.0; evidence_ref=panel.png; source_evidence=Native CO2 323K continuous-band ink at (178.50, 466.00) px, region-1:CO2 323K:1",pt-48c77c8d94a8927e,src-51c2aad7d0f50264,CO2,true,Legend heading 'CO2' binds the entry '323K' to CO2.,co2_loading,per gram of sorbent,line_sample,,,,,,0.4603,0.0133
figp1b,b,figp1b:b:co2-323k-c5e1f4c4,CO2 323K,1.6321,kPa,0.3012,mmol/g,triangle_up,solid,#248d43,true,low,179.89,466.56,overlap_flag=true; assigned_by=template; source=template_fill,pt-6f84cf908fc75550,src-b48fa13741c5e71e,CO2,true,Legend heading 'CO2' binds the entry '323K' to CO2.,co2_loading,per gram of sorbent,template_fill,,,,,,,
figp1b,b,figp1b:b:co2-323k-c5e1f4c4,CO2 323K,1.7725,kPa,0.2385,mmol/g,triangle_up,solid,#248d43,true,low,180.5,476.0,"overlap_flag=true; assigned_by=dense_band_sampler; source=curve; evidence_kind=native_trace; uncertainty_px=6.0; evidence_ref=panel.png; source_evidence=Native CO2 323K continuous-band ink at (180.50, 476.00) px, region-1:CO2 323K:1",pt-15f9f9c04222a1dd,src-8d0c167f3dcbc1de,CO2,true,Legend heading 'CO2' binds the entry '323K' to CO2.,co2_loading,per gram of sorbent,line_sample,,,,,,1.3809,0.0399
figp1b,b,figp1b:b:co2-323k-c5e1f4c4,CO2 323K,1.8875,kPa,0.3714,mmol/g,triangle_up,solid,#248d43,true,low,181.0,456.0,"overlap_flag=true; assigned_by=dense_band_sampler; source=curve; evidence_kind=native_trace; uncertainty_px=7.5; evidence_ref=panel.png; source_evidence=Native CO2 323K continuous-band ink at (181.00, 456.00) px, region-1:CO2 323K:1",pt-b2bc2dbbc6481623,src-a214f284d57aa056,CO2,true,Legend heading 'CO2' binds the entry '323K' to CO2.,co2_loading,per gram of sorbent,line_sample,,,,,,1.7261,0.0498
figp1b,b,figp1b:b:co2-323k-c5e1f4c4,CO2 323K,3.0903,kPa,0.4582,mmol/g,triangle_up,solid,#248d43,false,medium,186.23,442.93,assigned_by=color; source=auto,pt-c01bf5323eb2469c,src-306e708bd8ded4f5,CO2,true,Legend heading 'CO2' binds the entry '323K' to CO2.,co2_loading,per gram of sorbent,visible_marker,,,,,,,
figp1b,b,figp1b:b:co2-323k-c5e1f4c4,CO2 323K,3.2684,kPa,0.4245,mmol/g,triangle_up,solid,#248d43,true,low,187.0,448.0,"overlap_flag=true; assigned_by=dense_band_sampler; source=curve; evidence_kind=native_trace; uncertainty_px=6.5; evidence_ref=panel.png; source_evidence=Native CO2 323K continuous-band ink at (187.00, 448.00) px, region-1:CO2 323K:1",pt-89892bf19ea36a67,src-3d00e0e2bbbbad69,CO2,true,Legend heading 'CO2' binds the entry '323K' to CO2.,co2_loading,per gram of sorbent,line_sample,,,,,,1.496,0.0432
figp1b,b,figp1b:b:co2-323k-c5e1f4c4,CO2 323K,3.5625,kPa,0.5091,mmol/g,triangle_up,solid,#248d43,false,high,188.28,435.28,assigned_by=color; source=auto,pt-da7d13e82ef6fb3a,src-1cd723211bd92f23,CO2,true,Legend heading 'CO2' binds the entry '323K' to CO2.,co2_loading,per gram of sorbent,visible_marker,,,,,,,
figp1b,b,figp1b:b:co2-323k-c5e1f4c4,CO2 323K,3.6136,kPa,0.491,mmol/g,triangle_up,solid,#248d43,true,low,188.5,438.0,"overlap_flag=true; assigned_by=dense_band_sampler; source=curve; evidence_kind=native_trace; uncertainty_px=7.0; evidence_ref=panel.png; source_evidence=Native CO2 323K continuous-band ink at (188.50, 438.00) px, region-1:CO2 323K:1",pt-06a32a99cb4d1cd0,src-b06b86ad4292a531,CO2,true,Legend heading 'CO2' binds the entry '323K' to CO2.,co2_loading,per gram of sorbent,line_sample,,,,,,1.611,0.0465
figp1b,b,figp1b:b:co2-323k-c5e1f4c4,CO2 323K,3.9589,kPa,0.5574,mmol/g,triangle_up,solid,#248d43,false,low,190.0,428.0,overlap_flag=true; assigned_by=template; source=template_fit,pt-96e17fd443e6da26,src-f798759e5a6c6eea,CO2,true,Legend heading 'CO2' binds the entry '323K' to CO2.,co2_loading,per gram of sorbent,template_fit,,,,,,,
figp1b,b,figp1b:b:co2-323k-c5e1f4c4,CO2 323K,3.9589,kPa,0.6239,mmol/g,triangle_up,solid,#248d43,true,low,190.0,418.0,"overlap_flag=true; assigned_by=dense_band_sampler; source=curve; evidence_kind=native_trace; uncertainty_px=4.5; evidence_ref=panel.png; source_evidence=Native CO2 323K continuous-band ink at (190.00, 418.00) px, region-1:CO2 323K:1",pt-475a575cd58623ce,src-9ae67056bd5a207d,CO2,true,Legend heading 'CO2' binds the entry '323K' to CO2.,co2_loading,per gram of sorbent,line_sample,,,,,,1.0357,0.0299
figp1b,b,figp1b:b:co2-323k-c5e1f4c4,CO2 323K,4.1171,kPa,0.5883,mmol/g,triangle_up,solid,#248d43,false,high,190.69,423.35,assigned_by=color; source=auto,pt-4c5cc74756866f6b,src-0cde72ef429c1015,CO2,true,Legend heading 'CO2' binds the entry '323K' to CO2.,co2_loading,per gram of sorbent,visible_marker,,,,,,,
figp1b,b,figp1b:b:co2-323k-c5e1f4c4,CO2 323K,4.189,kPa,0.5574,mmol/g,triangle_up,solid,#248d43,true,low,191.0,428.0,"overlap_flag=true; assigned_by=dense_band_sampler; source=curve; evidence_kind=native_trace; uncertainty_px=7.5; evidence_ref=panel.png; source_evidence=Native CO2 323K continuous-band ink at (191.00, 428.00) px, region-1:CO2 323K:1",pt-24c9169f713ba3cb,src-3201ada0f723248e,CO2,true,Legend heading 'CO2' binds the entry '323K' to CO2.,co2_loading,per gram of sorbent,line_sample,,,,,,1.7261,0.0498
figp1b,b,figp1b:b:co2-323k-c5e1f4c4,CO2 323K,4.4192,kPa,0.6903,mmol/g,triangle_up,solid,#248d43,true,low,192.0,408.0,"overlap_flag=true; assigned_by=dense_band_sampler; source=curve; evidence_kind=native_trace; uncertainty_px=3.5; evidence_ref=panel.png; source_evidence=Native CO2 323K continuous-band ink at (192.00, 408.00) px, region-1:CO2 323K:1",pt-3f712c73122ae05c,src-1e40b11349592bdb,CO2,true,Legend heading 'CO2' binds the entry '323K' to CO2.,co2_loading,per gram of sorbent,line_sample,,,,,,0.8055,0.0233
figp1b,b,figp1b:b:co2-323k-c5e1f4c4,CO2 323K,5.421,kPa,0.747,mmol/g,triangle_up,solid,#248d43,false,high,196.35,399.47,assigned_by=color; source=auto,pt-7a2ee0b834dc0641,src-202af8879ac938df,CO2,true,Legend heading 'CO2' binds the entry '323K' to CO2.,co2_loading,per gram of sorbent,visible_marker,,,,,,,
figp1b,b,figp1b:b:co2-323k-c5e1f4c4,CO2 323K,5.685,kPa,0.7501,mmol/g,triangle_up,solid,#248d43,true,low,197.5,399.0,"overlap_flag=true; assigned_by=dense_band_sampler; source=curve; evidence_kind=native_trace; uncertainty_px=7.0; evidence_ref=panel.png; source_evidence=Native CO2 323K continuous-band ink at (197.50, 399.00) px, region-1:CO2 323K:1",pt-280a0a771f98584b,src-3422f4ce7df76625,CO2,true,Legend heading 'CO2' binds the entry '323K' to CO2.,co2_loading,per gram of sorbent,line_sample,,,,,,1.611,0.0465
figp1b,b,figp1b:b:co2-323k-c5e1f4c4,CO2 323K,6.0902,kPa,0.8352,mmol/g,triangle_up,solid,#248d43,false,high,199.26,386.2,assigned_by=color; source=auto,pt-abbc92f6068b6523,src-c048e92e0f6f2d9f,CO2,true,Legend heading 'CO2' binds the entry '323K' to CO2.,co2_loading,per gram of sorbent,visible_marker,,,,,,,
figp1b,b,figp1b:b:co2-323k-c5e1f4c4,CO2 323K,6.2604,kPa,0.8166,mmol/g,triangle_up,solid,#248d43,true,low,200.0,389.0,"overlap_flag=true; assigned_by=dense_band_sampler; source=curve; evidence_kind=native_trace; uncertainty_px=7.5; evidence_ref=panel.png; source_evidence=Native CO2 323K continuous-band ink at (200.00, 389.00) px, region-1:CO2 323K:1",pt-85359047dbb14220,src-ad397a30b05b70a1,CO2,true,Legend heading 'CO2' binds the entry '323K' to CO2.,co2_loading,per gram of sorbent,line_sample,,,,,,1.7261,0.0498
figp1b,b,figp1b:b:co2-323k-c5e1f4c4,CO2 323K,6.6056,kPa,0.883,mmol/g,triangle_up,solid,#248d43,true,low,201.5,379.0,"overlap_flag=true; assigned_by=dense_band_sampler; source=curve; evidence_kind=native_trace; uncertainty_px=8.0; evidence_ref=panel.png; source_evidence=Native CO2 323K continuous-band ink at (201.50, 379.00) px, region-1:CO2 323K:1",pt-f8f3b3908b191e87,src-677507b5d2aa9c8c,CO2,true,Legend heading 'CO2' binds the entry '323K' to CO2.,co2_loading,per gram of sorbent,line_sample,,,,,,1.8412,0.0532
figp1b,b,figp1b:b:co2-323k-c5e1f4c4,CO2 323K,7.1809,kPa,0.9229,mmol/g,triangle_up,solid,#248d43,false,low,204.0,373.0,overlap_flag=true; assigned_by=template; source=template_fit,pt-9cb2f69d1132eaf3,src-47be929841fbc0ee,CO2,true,Legend heading 'CO2' binds the entry '323K' to CO2.,co2_loading,per gram of sorbent,template_fit,,,,,,,
figp1b,b,figp1b:b:co2-323k-c5e1f4c4,CO2 323K,7.296,kPa,0.9495,mmol/g,triangle_up,solid,#248d43,true,low,204.5,369.0,"overlap_flag=true; assigned_by=dense_band_sampler; source=curve; evidence_kind=native_trace; uncertainty_px=8.0; evidence_ref=panel.png; source_evidence=Native CO2 323K continuous-band ink at (204.50, 369.00) px, region-1:CO2 323K:1",pt-5698f4526faa60b4,src-45015eb51b2fa4ab,CO2,true,Legend heading 'CO2' binds the entry '323K' to CO2.,co2_loading,per gram of sorbent,line_sample,,,,,,1.8412,0.0532
figp1b,b,figp1b:b:co2-323k-c5e1f4c4,CO2 323K,7.9865,kPa,1.0159,mmol/g,triangle_up,solid,#248d43,true,low,207.5,359.0,"overlap_flag=true; assigned_by=dense_band_sampler; source=curve; evidence_kind=native_trace; uncertainty_px=8.0; evidence_ref=panel.png; source_evidence=Native CO2 323K continuous-band ink at (207.50, 359.00) px, region-1:CO2 323K:1",pt-43544c01c67d0413,src-8f8f0e396b087e84,CO2,true,Legend heading 'CO2' binds the entry '323K' to CO2.,co2_loading,per gram of sorbent,line_sample,,,,,,1.8412,0.0532
figp1b,b,figp1b:b:co2-323k-c5e1f4c4,CO2 323K,8.792,kPa,1.0823,mmol/g,triangle_up,solid,#248d43,true,low,211.0,349.0,"overlap_flag=true; assigned_by=dense_band_sampler; source=curve; evidence_kind=native_trace; uncertainty_px=8.5; evidence_ref=panel.png; source_evidence=Native CO2 323K continuous-band ink at (211.00, 349.00) px, region-1:CO2 323K:1",pt-904112a8f6f6b6f3,src-5d552a4cd4be4580,CO2,true,Legend heading 'CO2' binds the entry '323K' to CO2.,co2_loading,per gram of sorbent,line_sample,,,,,,1.9563,0.0565
figp1b,b,figp1b:b:co2-323k-c5e1f4c4,CO2 323K,9.5975,kPa,1.1488,mmol/g,triangle_up,solid,#248d43,true,low,214.5,339.0,"overlap_flag=true; assigned_by=dense_band_sampler; source=curve; evidence_kind=native_trace; uncertainty_px=8.0; evidence_ref=panel.png; source_evidence=Native CO2 323K continuous-band ink at (214.50, 339.00) px, region-1:CO2 323K:1",pt-4f04a0887902e0fc,src-c8293e95186d2fb7,CO2,true,Legend heading 'CO2' binds the entry '323K' to CO2.,co2_loading,per gram of sorbent,line_sample,,,,,,1.8412,0.0532
figp1b,b,figp1b:b:co2-323k-c5e1f4c4,CO2 323K,10.5181,kPa,1.2152,mmol/g,triangle_up,solid,#248d43,true,low,218.5,329.0,"overlap_flag=true; assigned_by=dense_band_sampler; source=curve; evidence_kind=native_trace; uncertainty_px=8.0; evidence_ref=panel.png; source_evidence=Native CO2 323K continuous-band ink at (218.50, 329.00) px, region-1:CO2 323K:1",pt-d89bb1571f4c918f,src-5fc80bdb605a5b2d,CO2,true,Legend heading 'CO2' binds the entry '323K' to CO2.,co2_loading,per gram of sorbent,line_sample,,,,,,1.8412,0.0532
figp1b,b,figp1b:b:co2-323k-c5e1f4c4,CO2 323K,11.7839,kPa,1.2817,mmol/g,triangle_up,solid,#248d43,true,low,224.0,319.0,"overlap_flag=true; assigned_by=dense_band_sampler; source=curve; evidence_kind=native_trace; uncertainty_px=8.5; evidence_ref=panel.png; source_evidence=Native CO2 323K continuous-band ink at (224.00, 319.00) px, region-1:CO2 323K:1",pt-5c02cee5d6c35521,src-b534ef49d80529db,CO2,true,Legend heading 'CO2' binds the entry '323K' to CO2.,co2_loading,per gram of sorbent,line_sample,,,,,,1.9563,0.0565
figp1b,b,figp1b:b:co2-323k-c5e1f4c4,CO2 323K,12.8196,kPa,1.3481,mmol/g,triangle_up,solid,#248d43,true,low,228.5,309.0,"overlap_flag=true; assigned_by=dense_band_sampler; source=curve; evidence_kind=native_trace; uncertainty_px=8.0; evidence_ref=panel.png; source_evidence=Native CO2 323K continuous-band ink at (228.50, 309.00) px, region-1:CO2 323K:1",pt-9a0b7e70361d11eb,src-0250e3955b1db9ba,CO2,true,Legend heading 'CO2' binds the entry '323K' to CO2.,co2_loading,per gram of sorbent,line_sample,,,,,,1.8412,0.0532
figp1b,b,figp1b:b:co2-323k-c5e1f4c4,CO2 323K,13.4571,kPa,1.1772,mmol/g,triangle_up,solid,#248d43,true,low,231.27,334.72,overlap_flag=true; assigned_by=template; source=template_fill,pt-3099ddffde5a03cb,src-d98fcbfd2e1c8749,CO2,true,Legend heading 'CO2' binds the entry '323K' to CO2.,co2_loading,per gram of sorbent,template_fill,,,,,,,
figp1b,b,figp1b:b:co2-323k-c5e1f4c4,CO2 323K,13.9703,kPa,1.4079,mmol/g,triangle_up,solid,#248d43,true,low,233.5,300.0,"overlap_flag=true; assigned_by=dense_band_sampler; source=curve; evidence_kind=native_trace; uncertainty_px=9.0; evidence_ref=panel.png; source_evidence=Native CO2 323K continuous-band ink at (233.50, 300.00) px, region-1:CO2 323K:1",pt-a65c91d0a066e5cf,src-2c6abdeb523540e1,CO2,true,Legend heading 'CO2' binds the entry '323K' to CO2.,co2_loading,per gram of sorbent,line_sample,,,,,,2.0713,0.0598
figp1b,b,figp1b:b:co2-323k-c5e1f4c4,CO2 323K,15.3512,kPa,1.4677,mmol/g,triangle_up,solid,#248d43,true,low,239.5,291.0,"overlap_flag=true; assigned_by=dense_band_sampler; source=curve; evidence_kind=native_trace; uncertainty_px=9.0; evidence_ref=panel.png; source_evidence=Native CO2 323K continuous-band ink at (239.50, 291.00) px, region-1:CO2 323K:1",pt-6128f0eb11c22aef,src-f0309a1ee82a0c1a,CO2,true,Legend heading 'CO2' binds the entry '323K' to CO2.,co2_loading,per gram of sorbent,line_sample,,,,,,2.0713,0.0598
figp1b,b,figp1b:b:co2-323k-c5e1f4c4,CO2 323K,16.7321,kPa,1.5209,mmol/g,triangle_up,solid,#248d43,true,low,245.5,283.0,"overlap_flag=true; assigned_by=dense_band_sampler; source=curve; evidence_kind=native_trace; uncertainty_px=7.0; evidence_ref=panel.png; source_evidence=Native CO2 323K continuous-band ink at (245.50, 283.00) px, region-1:CO2 323K:1",pt-2b821c598f4f85b9,src-38e9119db1fce688,CO2,true,Legend heading 'CO2' binds the entry '323K' to CO2.,co2_loading,per gram of sorbent,line_sample,,,,,,1.611,0.0465
figp1b,b,figp1b:b:co2-323k-c5e1f4c4,CO2 323K,18.3431,kPa,1.574,mmol/g,triangle_up,solid,#248d43,true,low,252.5,275.0,"overlap_flag=true; assigned_by=dense_band_sampler; source=curve; evidence_kind=native_trace; uncertainty_px=8.0; evidence_ref=panel.png; source_evidence=Native CO2 323K continuous-band ink at (252.50, 275.00) px, region-1:CO2 323K:1",pt-9fb6079f09682fe6,src-60937c36b546d5ca,CO2,true,Legend heading 'CO2' binds the entry '323K' to CO2.,co2_loading,per gram of sorbent,line_sample,,,,,,1.8412,0.0532
figp1b,b,figp1b:b:co2-323k-c5e1f4c4,CO2 323K,19.7263,kPa,1.4683,mmol/g,triangle_up,solid,#248d43,true,low,258.51,290.92,overlap_flag=true; assigned_by=template; source=template_fill,pt-aeffa2f79490e9fe,src-9be293adb676da22,CO2,true,Legend heading 'CO2' binds the entry '323K' to CO2.,co2_loading,per gram of sorbent,template_fill,,,,,,,
figp1b,b,figp1b:b:co2-323k-c5e1f4c4,CO2 323K,20.0693,kPa,1.6272,mmol/g,triangle_up,solid,#248d43,true,low,260.0,267.0,"overlap_flag=true; assigned_by=dense_band_sampler; source=curve; evidence_kind=native_trace; uncertainty_px=8.5; evidence_ref=panel.png; source_evidence=Native CO2 323K continuous-band ink at (260.00, 267.00) px, region-1:CO2 323K:1",pt-3fcc8ab83f39d88a,src-c6f0719c15a5a57d,CO2,true,Legend heading 'CO2' binds the entry '323K' to CO2.,co2_loading,per gram of sorbent,line_sample,,,,,,1.9563,0.0565
figp1b,b,figp1b:b:co2-323k-c5e1f4c4,CO2 323K,21.4577,kPa,1.7506,mmol/g,triangle_up,solid,#248d43,false,low,266.03,248.43,overlap_flag=true; assigned_by=color; source=auto,pt-6c4bac4aa500e7b3,src-26f5d662bc9dc831,CO2,true,Legend heading 'CO2' binds the entry '323K' to CO2.,co2_loading,per gram of sorbent,partially_visible_marker,,,,,,,
figp1b,b,figp1b:b:co2-323k-c5e1f4c4,CO2 323K,21.7954,kPa,1.6737,mmol/g,triangle_up,solid,#248d43,true,low,267.5,260.0,"overlap_flag=true; assigned_by=dense_band_sampler; source=curve; evidence_kind=native_trace; uncertainty_px=8.0; evidence_ref=panel.png; source_evidence=Native CO2 323K continuous-band ink at (267.50, 260.00) px, region-1:CO2 323K:1",pt-589af537928aea08,src-039b1f9bfed54a7b,CO2,true,Legend heading 'CO2' binds the entry '323K' to CO2.,co2_loading,per gram of sorbent,line_sample,,,,,,1.8412,0.0532
figp1b,b,figp1b:b:co2-323k-c5e1f4c4,CO2 323K,23.7516,kPa,1.7136,mmol/g,triangle_up,solid,#248d43,true,low,276.0,254.0,"overlap_flag=true; assigned_by=dense_band_sampler; source=curve; evidence_kind=native_trace; uncertainty_px=7.5; evidence_ref=panel.png; source_evidence=Native CO2 323K continuous-band ink at (276.00, 254.00) px, region-1:CO2 323K:1",pt-c2e368556db42fc6,src-f549362571c865f4,CO2,true,Legend heading 'CO2' binds the entry '323K' to CO2.,co2_loading,per gram of sorbent,line_sample,,,,,,1.7261,0.0498
figp1b,b,figp1b:b:co2-323k-c5e1f4c4,CO2 323K,24.0983,kPa,1.7795,mmol/g,triangle_up,solid,#248d43,false,low,277.51,244.08,overlap_flag=true; assigned_by=color; source=auto,pt-ed8bcba885d472ca,src-41bbdb163f8fbff5,CO2,true,Legend heading 'CO2' binds the entry '323K' to CO2.,co2_loading,per gram of sorbent,partially_visible_marker,,,,,,,
figp1b,b,figp1b:b:co2-323k-c5e1f4c4,CO2 323K,25.3627,kPa,1.7667,mmol/g,triangle_up,solid,#248d43,true,low,283.0,246.0,"overlap_flag=true; assigned_by=dense_band_sampler; source=curve; evidence_kind=native_trace; uncertainty_px=9.5; evidence_ref=panel.png; source_evidence=Native CO2 323K continuous-band ink at (283.00, 246.00) px, region-1:CO2 323K:1",pt-72c3fcef669a5d29,src-83a65abf3e36ad07,CO2,true,Legend heading 'CO2' binds the entry '323K' to CO2.,co2_loading,per gram of sorbent,line_sample,,,,,,2.1864,0.0631
figp1b,b,figp1b:b:co2-323k-c5e1f4c4,CO2 323K,26.8586,kPa,1.8664,mmol/g,triangle_up,solid,#248d43,true,low,289.5,231.0,"overlap_flag=true; assigned_by=dense_band_sampler; source=curve; evidence_kind=native_trace; uncertainty_px=1.5; evidence_ref=panel.png; source_evidence=Native CO2 323K continuous-band ink at (289.50, 231.00) px, region-1:CO2 323K:1",pt-df15ccde186764d0,src-b424be63c48469f5,CO2,true,Legend heading 'CO2' binds the entry '323K' to CO2.,co2_loading,per gram of sorbent,line_sample,,,,,,0.3452,0.01
figp1b,b,figp1b:b:co2-323k-c5e1f4c4,CO2 323K,26.9737,kPa,1.8199,mmol/g,triangle_up,solid,#248d43,true,low,290.0,238.0,"overlap_flag=true; assigned_by=dense_band_sampler; source=curve; evidence_kind=native_trace; uncertainty_px=5.5; evidence_ref=panel.png; source_evidence=Native CO2 323K continuous-band ink at (290.00, 238.00) px, region-1:CO2 323K:1",pt-68b9963e9a38831d,src-d99b5c040cf16eb1,CO2,true,Legend heading 'CO2' binds the entry '323K' to CO2.,co2_loading,per gram of sorbent,line_sample,,,,,,1.2658,0.0365
figp1b,b,figp1b:b:co2-323k-c5e1f4c4,CO2 323K,27.1038,kPa,1.8108,mmol/g,triangle_up,solid,#248d43,false,high,290.57,239.37,assigned_by=color; source=auto,pt-699ec525a9dc2932,src-85989beef86d5da0,CO2,true,Legend heading 'CO2' binds the entry '323K' to CO2.,co2_loading,per gram of sorbent,visible_marker,,,,,,,
figp1b,b,figp1b:b:co2-323k-c5e1f4c4,CO2 323K,33.1395,kPa,1.9075,mmol/g,triangle_up,solid,#248d43,false,high,316.79,224.81,assigned_by=color; source=auto,pt-42395cfdf57cf3dc,src-7093a553c638d84b,CO2,true,Legend heading 'CO2' binds the entry '323K' to CO2.,co2_loading,per gram of sorbent,visible_marker,,,,,,,
figp1b,b,figp1b:b:co2-323k-c5e1f4c4,CO2 323K,40.2193,kPa,1.9742,mmol/g,triangle_up,solid,#248d43,false,high,347.55,214.78,assigned_by=color; source=auto,pt-cbdba6acdb74e4a0,src-7adb7fdeecc21115,CO2,true,Legend heading 'CO2' binds the entry '323K' to CO2.,co2_loading,per gram of sorbent,visible_marker,,,,,,,
figp1b,b,figp1b:b:co2-323k-c5e1f4c4,CO2 323K,46.7255,kPa,2.047,mmol/g,triangle_up,solid,#248d43,false,high,375.82,203.82,assigned_by=color; source=auto,pt-99ed8691f43d6251,src-76a058ced6035155,CO2,true,Legend heading 'CO2' binds the entry '323K' to CO2.,co2_loading,per gram of sorbent,visible_marker,,,,,,,
figp1b,b,figp1b:b:co2-323k-c5e1f4c4,CO2 323K,53.5953,kPa,2.0942,mmol/g,triangle_up,solid,#248d43,false,high,405.67,196.71,assigned_by=color; source=auto,pt-3c2548d58d057d04,src-411f020acd7d2e76,CO2,true,Legend heading 'CO2' binds the entry '323K' to CO2.,co2_loading,per gram of sorbent,visible_marker,,,,,,,
figp1b,b,figp1b:b:co2-323k-c5e1f4c4,CO2 323K,60.0732,kPa,2.1339,mmol/g,triangle_up,solid,#248d43,false,high,433.82,190.74,assigned_by=color; source=auto,pt-e631563e7ea1b1af,src-b22335a4c8cd3469,CO2,true,Legend heading 'CO2' binds the entry '323K' to CO2.,co2_loading,per gram of sorbent,visible_marker,,,,,,,
figp1b,b,figp1b:b:co2-323k-c5e1f4c4,CO2 323K,66.7894,kPa,2.1835,mmol/g,triangle_up,solid,#248d43,false,high,463.0,183.27,assigned_by=color; source=auto,pt-8bb74b114d3718fb,src-1ec8c18fca7b84c1,CO2,true,Legend heading 'CO2' binds the entry '323K' to CO2.,co2_loading,per gram of sorbent,visible_marker,,,,,,,
figp1b,b,figp1b:b:co2-323k-c5e1f4c4,CO2 323K,73.5053,kPa,2.2162,mmol/g,triangle_up,solid,#248d43,false,high,492.18,178.35,assigned_by=color; source=auto,pt-e91915bb73d8c9da,src-4f40bda4187d6d07,CO2,true,Legend heading 'CO2' binds the entry '323K' to CO2.,co2_loading,per gram of sorbent,visible_marker,,,,,,,
figp1b,b,figp1b:b:co2-323k-c5e1f4c4,CO2 323K,80.0415,kPa,2.2459,mmol/g,triangle_up,solid,#248d43,false,high,520.58,173.89,assigned_by=color; source=auto,pt-4693d04c80f8513f,src-912812074b92f27e,CO2,true,Legend heading 'CO2' binds the entry '323K' to CO2.,co2_loading,per gram of sorbent,visible_marker,,,,,,,
figp1b,b,figp1b:b:co2-323k-c5e1f4c4,CO2 323K,86.6449,kPa,2.2797,mmol/g,triangle_up,solid,#248d43,false,high,549.27,168.8,assigned_by=color; source=auto,pt-f7aead7b2276f683,src-943a0342bb4892eb,CO2,true,Legend heading 'CO2' binds the entry '323K' to CO2.,co2_loading,per gram of sorbent,visible_marker,,,,,,,
figp1b,b,figp1b:b:co2-323k-c5e1f4c4,CO2 323K,93.5523,kPa,2.3112,mmol/g,triangle_up,solid,#248d43,false,high,579.29,164.06,assigned_by=color; source=auto,pt-38b74adf7de08144,src-14fe54acaf711f41,CO2,true,Legend heading 'CO2' binds the entry '323K' to CO2.,co2_loading,per gram of sorbent,visible_marker,,,,,,,
figp1b,b,figp1b:b:co2-323k-c5e1f4c4,CO2 323K,101.4536,kPa,2.3533,mmol/g,triangle_up,solid,#248d43,false,high,613.62,157.72,assigned_by=color; source=auto,pt-d965c68daa02e84e,src-3b43a2a555ec88ea,CO2,true,Legend heading 'CO2' binds the entry '323K' to CO2.,co2_loading,per gram of sorbent,visible_marker,,,,,,,
figp1b,b,figp1b:b:co2-323k-c5e1f4c4,CO2 323K,106.7615,kPa,2.3751,mmol/g,triangle_up,solid,#248d43,false,high,636.68,154.44,assigned_by=color; source=auto,pt-61b64ca26c98c2c3,src-271d7a2d7d021e09,CO2,true,Legend heading 'CO2' binds the entry '323K' to CO2.,co2_loading,per gram of sorbent,visible_marker,,,,,,,
figp1b,b,figp1b:b:co2-323k-c5e1f4c4,CO2 323K,114.1177,kPa,2.3953,mmol/g,triangle_up,solid,#248d43,false,high,668.64,151.4,assigned_by=color; source=auto,pt-d807339a1569cfa2,src-eaf119e7c834d93f,CO2,true,Legend heading 'CO2' binds the entry '323K' to CO2.,co2_loading,per gram of sorbent,visible_marker,,,,,,,
figp1b,b,figp1b:b:co2-333k-94a1f9ba,CO2 333K,1.4863,kPa,0.1422,mmol/g,pentagon,solid,#3a3691,false,high,179.26,490.5,assigned_by=color; source=auto,pt-bf02f24250e4750a,src-ea558fb98a31e6fe,CO2,true,Legend heading 'CO2' binds the entry '333K' to CO2.,co2_loading,per gram of sorbent,visible_marker,,,,,,,
figp1b,b,figp1b:b:co2-333k-94a1f9ba,CO2 333K,3.3174,kPa,0.328,mmol/g,pentagon,solid,#3a3691,false,high,187.21,462.54,assigned_by=color; source=auto,pt-0aab02930e3a6056,src-90c9ccd42fb51389,CO2,true,Legend heading 'CO2' binds the entry '333K' to CO2.,co2_loading,per gram of sorbent,visible_marker,,,,,,,
figp1b,b,figp1b:b:co2-333k-94a1f9ba,CO2 333K,6.7006,kPa,0.6501,mmol/g,pentagon,solid,#3a3691,false,high,201.91,414.06,assigned_by=color; source=auto,pt-d2c74c3ba892445c,src-7b21503ad82aa26c,CO2,true,Legend heading 'CO2' binds the entry '333K' to CO2.,co2_loading,per gram of sorbent,visible_marker,,,,,,,
figp1b,b,figp1b:b:co2-333k-94a1f9ba,CO2 333K,13.5039,kPa,1.1479,mmol/g,pentagon,solid,#3a3691,false,high,231.47,339.13,assigned_by=color; source=auto,pt-ca39563ce54873b7,src-86ffb46a09c7cf68,CO2,true,Legend heading 'CO2' binds the entry '333K' to CO2.,co2_loading,per gram of sorbent,visible_marker,,,,,,,
figp1b,b,figp1b:b:co2-333k-94a1f9ba,CO2 333K,19.8701,kPa,1.4061,mmol/g,pentagon,solid,#3a3691,false,high,259.13,300.27,assigned_by=color; source=auto,pt-d4e7f40121758e49,src-5051100ed39e6c7a,CO2,true,Legend heading 'CO2' binds the entry '333K' to CO2.,co2_loading,per gram of sorbent,visible_marker,,,,,,,
figp1b,b,figp1b:b:co2-333k-94a1f9ba,CO2 333K,26.7914,kPa,1.594,mmol/g,pentagon,solid,#3a3691,false,high,289.21,272.0,assigned_by=color; source=auto,pt-7dbd362e2b2cf81c,src-de509a7d977499c0,CO2,true,Legend heading 'CO2' binds the entry '333K' to CO2.,co2_loading,per gram of sorbent,visible_marker,,,,,,,
figp1b,b,figp1b:b:co2-333k-94a1f9ba,CO2 333K,33.2611,kPa,1.7176,mmol/g,pentagon,solid,#3a3691,false,high,317.32,253.39,assigned_by=color; source=auto,pt-d34f54e4c48387a6,src-39f5e4c7c9ce6e9a,CO2,true,Legend heading 'CO2' binds the entry '333K' to CO2.,co2_loading,per gram of sorbent,visible_marker,,,,,,,
figp1b,b,figp1b:b:co2-333k-94a1f9ba,CO2 333K,39.9146,kPa,1.8006,mmol/g,pentagon,solid,#3a3691,false,high,346.23,240.91,assigned_by=color; source=auto,pt-a5f5a9cb61ec761a,src-e1409ecdfb4a4f8c,CO2,true,Legend heading 'CO2' binds the entry '333K' to CO2.,co2_loading,per gram of sorbent,visible_marker,,,,,,,
figp1b,b,figp1b:b:co2-333k-94a1f9ba,CO2 333K,46.3875,kPa,1.8795,mmol/g,pentagon,solid,#3a3691,false,high,374.35,229.02,assigned_by=color; source=auto,pt-a5d2c40409c07a03,src-817cbef5b09ba336,CO2,true,Legend heading 'CO2' binds the entry '333K' to CO2.,co2_loading,per gram of sorbent,visible_marker,,,,,,,
figp1b,b,figp1b:b:co2-333k-94a1f9ba,CO2 333K,53.486,kPa,1.9379,mmol/g,pentagon,solid,#3a3691,false,high,405.2,220.24,assigned_by=color; source=auto,pt-986d9f6c11091938,src-6742567bcf7e03da,CO2,true,Legend heading 'CO2' binds the entry '333K' to CO2.,co2_loading,per gram of sorbent,visible_marker,,,,,,,
figp1b,b,figp1b:b:co2-333k-94a1f9ba,CO2 333K,59.9064,kPa,1.9888,mmol/g,pentagon,solid,#3a3691,false,high,433.09,212.57,assigned_by=color; source=auto,pt-6f341926b2905350,src-741b793a82c77597,CO2,true,Legend heading 'CO2' binds the entry '333K' to CO2.,co2_loading,per gram of sorbent,visible_marker,,,,,,,
figp1b,b,figp1b:b:co2-333k-94a1f9ba,CO2 333K,66.6593,kPa,2.0338,mmol/g,pentagon,solid,#3a3691,false,high,462.43,205.81,assigned_by=color; source=auto,pt-98d5aca12f1568eb,src-4851459a60dd9ca9,CO2,true,Legend heading 'CO2' binds the entry '333K' to CO2.,co2_loading,per gram of sorbent,visible_marker,,,,,,,
figp1b,b,figp1b:b:co2-333k-94a1f9ba,CO2 333K,73.5747,kPa,2.0718,mmol/g,pentagon,solid,#3a3691,false,high,492.48,200.09,assigned_by=color; source=auto,pt-2e38590f94da1a9f,src-5669e05ce06653f7,CO2,true,Legend heading 'CO2' binds the entry '333K' to CO2.,co2_loading,per gram of sorbent,visible_marker,,,,,,,
figp1b,b,figp1b:b:co2-333k-94a1f9ba,CO2 333K,80.0195,kPa,2.1049,mmol/g,pentagon,solid,#3a3691,false,high,520.49,195.11,assigned_by=color; source=auto,pt-5a91185efbd6b0c7,src-ce923579ef098383,CO2,true,Legend heading 'CO2' binds the entry '333K' to CO2.,co2_loading,per gram of sorbent,visible_marker,,,,,,,
figp1b,b,figp1b:b:co2-333k-94a1f9ba,CO2 333K,86.8703,kPa,2.1366,mmol/g,pentagon,solid,#3a3691,false,high,550.25,190.33,assigned_by=color; source=auto,pt-212451edee9abc16,src-987e286802e50f33,CO2,true,Legend heading 'CO2' binds the entry '333K' to CO2.,co2_loading,per gram of sorbent,visible_marker,,,,,,,
figp1b,b,figp1b:b:co2-333k-94a1f9ba,CO2 333K,93.4866,kPa,2.1622,mmol/g,pentagon,solid,#3a3691,false,high,579.0,186.48,assigned_by=color; source=auto,pt-63ac9fb455f1e248,src-23c9980405b14d4d,CO2,true,Legend heading 'CO2' binds the entry '333K' to CO2.,co2_loading,per gram of sorbent,visible_marker,,,,,,,
figp1b,b,figp1b:b:co2-333k-94a1f9ba,CO2 333K,101.1711,kPa,2.1959,mmol/g,pentagon,solid,#3a3691,false,high,612.39,181.41,assigned_by=color; source=auto,pt-644497c1382cffce,src-d189aa796e9f4dad,CO2,true,Legend heading 'CO2' binds the entry '333K' to CO2.,co2_loading,per gram of sorbent,visible_marker,,,,,,,
figp1b,b,figp1b:b:co2-333k-94a1f9ba,CO2 333K,106.8635,kPa,2.2162,mmol/g,pentagon,solid,#3a3691,false,high,637.12,178.35,assigned_by=color; source=auto,pt-b1b4dd8e0853bbea,src-9df492a69def8d8b,CO2,true,Legend heading 'CO2' binds the entry '333K' to CO2.,co2_loading,per gram of sorbent,visible_marker,,,,,,,
figp1b,b,figp1b:b:co2-333k-94a1f9ba,CO2 333K,113.9885,kPa,2.2402,mmol/g,pentagon,solid,#3a3691,false,high,668.08,174.74,assigned_by=color; source=auto,pt-e6c48483fc08e9a3,src-26c73fbbdbb5b740,CO2,true,Legend heading 'CO2' binds the entry '333K' to CO2.,co2_loading,per gram of sorbent,visible_marker,,,,,,,
figp1b,b,figp1b:b:co2-353k-c3530734,CO2 353K,3.4865,kPa,0.1792,mmol/g,diamond,solid,#d13ea1,false,high,187.95,484.93,assigned_by=color; source=auto,pt-4369aabadc6ab72c,src-b161de6b2ad7af60,CO2,true,Legend heading 'CO2' binds the entry '353K' to CO2.,co2_loading,per gram of sorbent,visible_marker,,,,,,,
figp1b,b,figp1b:b:co2-353k-c3530734,CO2 353K,6.628,kPa,0.3282,mmol/g,diamond,solid,#d13ea1,false,high,201.6,462.5,assigned_by=color; source=auto,pt-bb7ca03b50e440bc,src-22db50bc0ae35637,CO2,true,Legend heading 'CO2' binds the entry '353K' to CO2.,co2_loading,per gram of sorbent,visible_marker,,,,,,,
figp1b,b,figp1b:b:co2-353k-c3530734,CO2 353K,13.4442,kPa,0.6487,mmol/g,diamond,solid,#d13ea1,false,high,231.21,414.27,overlap_flag=true; assigned_by=color; source=auto,pt-80910b0af1acde2c,src-21b61a532510b239,CO2,true,Legend heading 'CO2' binds the entry '353K' to CO2.,co2_loading,per gram of sorbent,partially_visible_marker,,,,,,,
figp1b,b,figp1b:b:co2-353k-c3530734,CO2 353K,19.4189,kPa,0.8605,mmol/g,diamond,solid,#d13ea1,false,high,257.17,382.39,overlap_flag=true; assigned_by=color; source=auto,pt-61997cd795c0e8c4,src-88c241feb2ce5346,CO2,true,Legend heading 'CO2' binds the entry '353K' to CO2.,co2_loading,per gram of sorbent,partially_visible_marker,,,,,,,
figp1b,b,figp1b:b:co2-353k-c3530734,CO2 353K,26.4814,kPa,1.0805,mmol/g,diamond,solid,#d13ea1,false,high,287.86,349.28,assigned_by=color; source=auto,pt-8cfe3c0c1d590071,src-b81751e7ffe835ee,CO2,true,Legend heading 'CO2' binds the entry '353K' to CO2.,co2_loading,per gram of sorbent,visible_marker,,,,,,,
figp1b,b,figp1b:b:co2-353k-c3530734,CO2 353K,33.0985,kPa,1.2371,mmol/g,diamond,solid,#d13ea1,false,high,316.61,325.71,assigned_by=color; source=auto,pt-e9aa4afa026cf60e,src-c07c974dc34dbf0e,CO2,true,Legend heading 'CO2' binds the entry '353K' to CO2.,co2_loading,per gram of sorbent,visible_marker,,,,,,,
figp1b,b,figp1b:b:co2-353k-c3530734,CO2 353K,40.0564,kPa,1.3658,mmol/g,diamond,solid,#d13ea1,false,high,346.84,306.33,assigned_by=color; source=auto,pt-1b1f8e65199dfba0,src-99a321894f30fa4a,CO2,true,Legend heading 'CO2' binds the entry '353K' to CO2.,co2_loading,per gram of sorbent,visible_marker,,,,,,,
figp1b,b,figp1b:b:co2-353k-c3530734,CO2 353K,46.9516,kPa,1.4601,mmol/g,diamond,solid,#d13ea1,false,high,376.8,292.15,assigned_by=color; source=auto,pt-afc285c065b16434,src-0c05b61d7027f4d4,CO2,true,Legend heading 'CO2' binds the entry '353K' to CO2.,co2_loading,per gram of sorbent,visible_marker,,,,,,,
figp1b,b,figp1b:b:co2-353k-c3530734,CO2 353K,53.0627,kPa,1.5408,mmol/g,diamond,solid,#d13ea1,false,high,403.36,280.0,assigned_by=color; source=auto,pt-fd9738b7586fc860,src-3e6c475385783434,CO2,true,Legend heading 'CO2' binds the entry '353K' to CO2.,co2_loading,per gram of sorbent,visible_marker,,,,,,,
figp1b,b,figp1b:b:co2-353k-c3530734,CO2 353K,60.0543,kPa,1.602,mmol/g,diamond,solid,#d13ea1,false,high,433.74,270.79,assigned_by=color; source=auto,pt-c0db623908dd1e92,src-888e32394a04d658,CO2,true,Legend heading 'CO2' binds the entry '353K' to CO2.,co2_loading,per gram of sorbent,visible_marker,,,,,,,
figp1b,b,figp1b:b:co2-353k-c3530734,CO2 353K,66.6743,kPa,1.6704,mmol/g,diamond,solid,#d13ea1,false,high,462.5,260.5,assigned_by=color; source=auto,pt-0adc1c10e766407e,src-3f5070563f4d4994,CO2,true,Legend heading 'CO2' binds the entry '353K' to CO2.,co2_loading,per gram of sorbent,visible_marker,,,,,,,
figp1b,b,figp1b:b:co2-353k-c3530734,CO2 353K,73.4637,kPa,1.7169,mmol/g,diamond,solid,#d13ea1,false,high,492.0,253.5,assigned_by=color; source=auto,pt-df4d26fb366bbd1f,src-f7508003401b24dc,CO2,true,Legend heading 'CO2' binds the entry '353K' to CO2.,co2_loading,per gram of sorbent,visible_marker,,,,,,,
figp1b,b,figp1b:b:co2-353k-c3530734,CO2 353K,80.153,kPa,1.7537,mmol/g,diamond,solid,#d13ea1,false,high,521.07,247.96,assigned_by=color; source=auto,pt-1e957d5820c5669e,src-bdfa0b8f179013db,CO2,true,Legend heading 'CO2' binds the entry '353K' to CO2.,co2_loading,per gram of sorbent,visible_marker,,,,,,,
figp1b,b,figp1b:b:co2-353k-c3530734,CO2 353K,86.6352,kPa,1.7998,mmol/g,diamond,solid,#d13ea1,false,high,549.23,241.02,assigned_by=color; source=auto,pt-46f6ca7068f31e6c,src-dbe8a1c349187249,CO2,true,Legend heading 'CO2' binds the entry '353K' to CO2.,co2_loading,per gram of sorbent,visible_marker,,,,,,,
figp1b,b,figp1b:b:co2-353k-c3530734,CO2 353K,93.5539,kPa,1.8269,mmol/g,diamond,solid,#d13ea1,false,high,579.29,236.95,assigned_by=color; source=auto,pt-4e9a0e618ca4ce61,src-cb5fa1a9009dd9c4,CO2,true,Legend heading 'CO2' binds the entry '353K' to CO2.,co2_loading,per gram of sorbent,visible_marker,,,,,,,
figp1b,b,figp1b:b:co2-353k-c3530734,CO2 353K,101.3973,kPa,1.8744,mmol/g,diamond,solid,#d13ea1,false,high,613.37,229.79,assigned_by=color; source=auto,pt-02e24e02838834f8,src-cc7b71a2dea8f50b,CO2,true,Legend heading 'CO2' binds the entry '353K' to CO2.,co2_loading,per gram of sorbent,visible_marker,,,,,,,
figp1b,b,figp1b:b:co2-353k-c3530734,CO2 353K,106.9208,kPa,1.8877,mmol/g,diamond,solid,#d13ea1,false,high,637.37,227.79,assigned_by=color; source=auto,pt-7aaae45616549835,src-c1b647b7023417c6,CO2,true,Legend heading 'CO2' binds the entry '353K' to CO2.,co2_loading,per gram of sorbent,visible_marker,,,,,,,
figp1b,b,figp1b:b:co2-353k-c3530734,CO2 353K,114.103,kPa,1.9218,mmol/g,diamond,solid,#d13ea1,false,high,668.58,222.66,assigned_by=color; source=auto,pt-75713c70d948c370,src-153f9d74a00a1702,CO2,true,Legend heading 'CO2' binds the entry '353K' to CO2.,co2_loading,per gram of sorbent,visible_marker,,,,,,,
figp1b,b,figp1b:b:co2-373k-9f2f766d,CO2 373K,1.7794,kPa,0.0417,mmol/g,diamond,solid,#060707,false,medium,180.53,505.62,assigned_by=color; source=auto,pt-3de11dcc7d382f68,src-f022f9aeba121b45,CO2,true,Legend heading 'CO2' binds the entry '373K' to CO2.,co2_loading,per gram of sorbent,visible_marker,,,,,,,
figp1b,b,figp1b:b:co2-373k-9f2f766d,CO2 373K,3.4902,kPa,0.0845,mmol/g,diamond,solid,#060707,false,medium,187.96,499.17,assigned_by=color; source=auto,pt-c6160ae73d9e7262,src-53a67d01d8bab07b,CO2,true,Legend heading 'CO2' binds the entry '373K' to CO2.,co2_loading,per gram of sorbent,visible_marker,,,,,,,
figp1b,b,figp1b:b:co2-373k-9f2f766d,CO2 373K,5.8272,kPa,0.1386,mmol/g,diamond,solid,#060707,false,medium,198.12,491.04,assigned_by=color; source=auto,pt-c628f729acf008f8,src-a11c66e37e0b58a9,CO2,true,Legend heading 'CO2' binds the entry '373K' to CO2.,co2_loading,per gram of sorbent,visible_marker,,,,,,,
figp1b,b,figp1b:b:co2-373k-9f2f766d,CO2 373K,7.6574,kPa,0.1861,mmol/g,diamond,solid,#060707,false,medium,206.07,483.89,assigned_by=color; source=auto,pt-216b7ab7cc554913,src-170c31a3763aeffb,CO2,true,Legend heading 'CO2' binds the entry '373K' to CO2.,co2_loading,per gram of sorbent,visible_marker,,,,,,,
figp1b,b,figp1b:b:co2-373k-9f2f766d,CO2 373K,9.7492,kPa,0.2385,mmol/g,diamond,solid,#060707,false,medium,215.16,476.0,assigned_by=color; source=auto,pt-59c8e14dac7dcd70,src-19ecf4ddde86e8a8,CO2,true,Legend heading 'CO2' binds the entry '373K' to CO2.,co2_loading,per gram of sorbent,visible_marker,,,,,,,
figp1b,b,figp1b:b:co2-373k-9f2f766d,CO2 373K,12.7018,kPa,0.3112,mmol/g,diamond,solid,#060707,false,medium,227.99,465.05,assigned_by=color; source=auto,pt-47aa8ec6b2740210,src-3effc356e41aa744,CO2,true,Legend heading 'CO2' binds the entry '373K' to CO2.,co2_loading,per gram of sorbent,visible_marker,,,,,,,
figp1b,b,figp1b:b:co2-373k-9f2f766d,CO2 373K,14.8631,kPa,0.3656,mmol/g,diamond,solid,#060707,false,medium,237.38,456.87,assigned_by=color; source=auto,pt-d28c90ffd6606918,src-e9e00759cc2bef56,CO2,true,Legend heading 'CO2' binds the entry '373K' to CO2.,co2_loading,per gram of sorbent,visible_marker,,,,,,,
figp1b,b,figp1b:b:co2-373k-9f2f766d,CO2 373K,16.3615,kPa,0.3979,mmol/g,diamond,solid,#060707,false,medium,243.89,452.0,assigned_by=color; source=auto,pt-125fe4de75f8db93,src-e9a22256d61235bd,CO2,true,Legend heading 'CO2' binds the entry '373K' to CO2.,co2_loading,per gram of sorbent,visible_marker,,,,,,,
figp1b,b,figp1b:b:co2-373k-9f2f766d,CO2 373K,18.4428,kPa,0.4503,mmol/g,diamond,solid,#060707,false,medium,252.93,444.12,assigned_by=color; source=auto,pt-37a358a117cba0ed,src-3a7a90695344b6d7,CO2,true,Legend heading 'CO2' binds the entry '373K' to CO2.,co2_loading,per gram of sorbent,visible_marker,,,,,,,
figp1b,b,figp1b:b:co2-373k-9f2f766d,CO2 373K,20.0521,kPa,0.4847,mmol/g,diamond,solid,#060707,false,medium,259.93,438.94,assigned_by=color; source=auto,pt-c66ad85383eee138,src-f92667b7ded012c7,CO2,true,Legend heading 'CO2' binds the entry '373K' to CO2.,co2_loading,per gram of sorbent,visible_marker,,,,,,,
figp1b,b,figp1b:b:co2-373k-9f2f766d,CO2 373K,22.4819,kPa,0.5409,mmol/g,diamond,solid,#060707,false,medium,270.48,430.48,assigned_by=color; source=auto,pt-18597efbd1210854,src-375b508e68f324e8,CO2,true,Legend heading 'CO2' binds the entry '373K' to CO2.,co2_loading,per gram of sorbent,visible_marker,,,,,,,
figp1b,b,figp1b:b:co2-373k-9f2f766d,CO2 373K,22.756,kPa,1.7532,mmol/g,diamond,solid,#060707,false,low,271.67,248.04,overlap_flag=true; assigned_by=color; source=auto,pt-9f0ae86976d41413,src-34fd82d1f57afd51,CO2,true,Legend heading 'CO2' binds the entry '373K' to CO2.,co2_loading,per gram of sorbent,partially_visible_marker,,,,,,,
figp1b,b,figp1b:b:co2-373k-9f2f766d,CO2 373K,25.1557,kPa,0.5974,mmol/g,diamond,solid,#060707,false,medium,282.1,421.98,assigned_by=color; source=auto,pt-c5a855d39a7cf5d9,src-ef92d6bb7a81e2d0,CO2,true,Legend heading 'CO2' binds the entry '373K' to CO2.,co2_loading,per gram of sorbent,visible_marker,,,,,,,
figp1b,b,figp1b:b:co2-373k-9f2f766d,CO2 373K,33.4507,kPa,0.7623,mmol/g,diamond,solid,#060707,false,high,318.14,397.16,assigned_by=color; source=auto,pt-fd6dca886e42800e,src-a1f8dec9a2ef21e6,CO2,true,Legend heading 'CO2' binds the entry '373K' to CO2.,co2_loading,per gram of sorbent,visible_marker,,,,,,,
figp1b,b,figp1b:b:co2-373k-9f2f766d,CO2 373K,39.7469,kPa,0.873,mmol/g,diamond,solid,#060707,false,high,345.5,380.5,assigned_by=color; source=auto,pt-5f981a8ca1ef29fc,src-3e451e3996e262c5,CO2,true,Legend heading 'CO2' binds the entry '373K' to CO2.,co2_loading,per gram of sorbent,visible_marker,,,,,,,
figp1b,b,figp1b:b:co2-373k-9f2f766d,CO2 373K,46.6514,kPa,0.9794,mmol/g,diamond,solid,#060707,false,high,375.5,364.5,assigned_by=color; source=auto,pt-93b275b85f7b51ee,src-c6112c4c355a3e2a,CO2,true,Legend heading 'CO2' binds the entry '373K' to CO2.,co2_loading,per gram of sorbent,visible_marker,,,,,,,
figp1b,b,figp1b:b:co2-373k-9f2f766d,CO2 373K,53.4079,kPa,1.068,mmol/g,diamond,solid,#060707,false,high,404.86,351.16,assigned_by=color; source=auto,pt-3f948450e47252bb,src-da84b78139c964e8,CO2,true,Legend heading 'CO2' binds the entry '373K' to CO2.,co2_loading,per gram of sorbent,visible_marker,,,,,,,
figp1b,b,figp1b:b:co2-373k-9f2f766d,CO2 373K,60.0,kPa,1.1521,mmol/g,diamond,solid,#060707,false,high,433.5,338.5,assigned_by=color; source=auto,pt-7e8c6ea17363f2f5,src-6ff7bbeafe96ae00,CO2,true,Legend heading 'CO2' binds the entry '373K' to CO2.,co2_loading,per gram of sorbent,visible_marker,,,,,,,
figp1b,b,figp1b:b:co2-373k-9f2f766d,CO2 373K,66.7546,kPa,1.2243,mmol/g,diamond,solid,#060707,false,high,462.85,327.64,assigned_by=color; source=auto,pt-02d86f86374fd8e8,src-a675336a22276bdb,CO2,true,Legend heading 'CO2' binds the entry '373K' to CO2.,co2_loading,per gram of sorbent,visible_marker,,,,,,,
figp1b,b,figp1b:b:co2-373k-9f2f766d,CO2 373K,73.4966,kPa,1.2827,mmol/g,diamond,solid,#060707,false,high,492.14,318.84,assigned_by=color; source=auto,pt-04e177f524c4e53f,src-2c8b3c26b6b2e44f,CO2,true,Legend heading 'CO2' binds the entry '373K' to CO2.,co2_loading,per gram of sorbent,visible_marker,,,,,,,
figp1b,b,figp1b:b:co2-373k-9f2f766d,CO2 373K,79.7928,kPa,1.3448,mmol/g,diamond,solid,#060707,false,high,519.5,309.5,assigned_by=color; source=auto,pt-2a2b8d1b32d07723,src-17125e6ad123ec83,CO2,true,Legend heading 'CO2' binds the entry '373K' to CO2.,co2_loading,per gram of sorbent,visible_marker,,,,,,,
figp1b,b,figp1b:b:co2-373k-9f2f766d,CO2 373K,87.0096,kPa,1.3936,mmol/g,diamond,solid,#060707,false,high,550.86,302.16,assigned_by=color; source=auto,pt-fd6f67ffa1bdb3d1,src-8ad29720fcec9401,CO2,true,Legend heading 'CO2' binds the entry '373K' to CO2.,co2_loading,per gram of sorbent,visible_marker,,,,,,,
figp1b,b,figp1b:b:co2-373k-9f2f766d,CO2 373K,93.2564,kPa,1.4345,mmol/g,diamond,solid,#060707,false,high,578.0,296.0,assigned_by=color; source=auto,pt-5347d05851b4336c,src-eaefca7b6b4bd61a,CO2,true,Legend heading 'CO2' binds the entry '373K' to CO2.,co2_loading,per gram of sorbent,visible_marker,,,,,,,
figp1b,b,figp1b:b:co2-373k-9f2f766d,CO2 373K,100.9253,kPa,1.4883,mmol/g,diamond,solid,#060707,false,high,611.32,287.91,assigned_by=color; source=auto,pt-cd6f17abf8e3a07a,src-a1f0399fca50c97c,CO2,true,Legend heading 'CO2' binds the entry '373K' to CO2.,co2_loading,per gram of sorbent,visible_marker,,,,,,,
figp1b,b,figp1b:b:co2-373k-9f2f766d,CO2 373K,106.7201,kPa,1.5176,mmol/g,diamond,solid,#060707,false,high,636.5,283.5,assigned_by=color; source=auto,pt-fbe591aae08229a8,src-86cb32db53560873,CO2,true,Legend heading 'CO2' binds the entry '373K' to CO2.,co2_loading,per gram of sorbent,visible_marker,,,,,,,
figp1b,b,figp1b:b:co2-373k-9f2f766d,CO2 373K,113.2793,kPa,1.5541,mmol/g,diamond,solid,#060707,false,high,665.0,278.0,assigned_by=color; source=auto,pt-7b7e0c0b6fb4f33f,src-5f8c345c0ec0a6b1,CO2,true,Legend heading 'CO2' binds the entry '373K' to CO2.,co2_loading,per gram of sorbent,visible_marker,,,,,,,
